metric,value
total_return,0.05364061396139852
cagr,0.006295574732067655
volatility,0.3122361926855521
max_drawdown,-0.5391885847939454
calmar,0.011676016350519645
sharpe,0.02016286029469948
sortino,0.03031887250193896
n_buy_trades,21.0
n_sell_trades,14.0
avg_positions,4.278892072588348
